Protein,Irinotecan,Pazopanib,Imatinib,Lenvatinib,Bromocriptine,Ponatinib,Paclitaxel,Lapatinib,Olaparib,Ibrutinib,Camptothecin,Sanguinarine,Niraparib,Sunitinib,Vandetanib, 14 Chrysenequinone,Nelfinavir,Celecoxib,Porfimer sodium,Idarubicin,Pyrvinium,Docetaxel,Dasatinib,Bleomycin,Phenytoin,Blebbistatin,Epirubicin,Pralatrexate,Nintedanib,Regorafenib,Amsacrine,Cinnarizine,Alsterpaullone,Curcumin,Veliparib,Exatecan,Maraviroc,Etoposide,Erlotinib,Methotrexate,LY900009,Adriamycin,Axitinib,Bosutinib,MK1775,Pemetrexed,Apigenin,Indomethacin,Calcitriol,Gefitinib,Fucoxanthin,Estrone,Sorafenib,Talazoparib,Fluphenazine,Fostamatinib,Cabozantinib,Rucaparib,Tanespimycin,Daunorubicin,AMD-070,Baricitinib,Belotecan,Topotecan,Sizofiran,Benzylpenicilloyl,Brivanib,Tamoxifen,Carbamazepine,Trifluoperazine,Decitabine,Etoposide phosphate,Brigatinib,Methylprednisolone,Quinapril,Sertraline,"Ter-Butyl-3-P-Tolyl-1h-Pyrazolo[3,4-D] Pyrimidin-4-Ylamine",Riboflavin,Tirapazamine,Tofacitinib,Geldanamycin,Thioridazine,Metyrapone,Sulconazole,Podofilox,Sulindac,Teniposide,Fenofibrate,Prochlorperazine,hydralazine,Menadione,resveratrol,Tiaprofenic acid,Trichostatin A,Trifluridine,Allopurinol,Thioguanosine,Mitoxantrone,Piperlongumine,Bepridil,Dexrazoxane,Azacitidine,Triapine,Clotrimazole,Temozolomide,Ciclopirox,Gemcitabine,Dipyridamole,bendamustine,Melatonin,Melphalan,Chrysin,Thioguanine,Verapamil,Vorinostat,Thiabendazole,Dabrafenib,Acetylsalicylic acid,gimeracil,tegafur,Etacrynic acid,Mitolactol,Clofibrate,cabazitaxel,Chlorambucil,Parthenolide,Chlorpromazine,citrate,Cyclobutanedicarboxylic acid,Fluorouracil,Hydroquinone,valproate.,Glutamine,Cyclophosphamide,Ifosfamide,Pyrimidin-4-Ylamine,amifostine,hydroxyurea,Mercaptoethanesulfonic acid
CDK1,-11.2,-10.7,-9.9,-9.7,-10.3,-9.9,-8.9,-10.6,-9.7,-10.1,-10.6,-10.6,-10.2,-9.1,-9.1,-11.2,-9.5,-10.9,-9.9,-8.6,-10.3,-7.3,-9.3,-8.3,-9.8,-10.3,-8.9,-9.6,-8.2,-10.7,-10.3,-10.4,-10.6,-8.8,-8.3,-11.2,-9.1,-7.6,-8.6,-8.2,-8.6,-8.7,-9.4,-9.9,-7.7,-9.1,-9.9,-10.5,-8.4,-9.7,-8.8,-10.1,-10.4,-8.7,-9.9,-10.3,-9.7,-7.2,-7.3,-7,-9,-6.9,-8.6,-7.3,-8,-7.9,-9.2,-6.9,-7.9,-8,-6.5,-7.6,-10.7,-7.8,-9.2,-8.3,-8.5,-9.6,-7,-7.5,-6.3,-9,-7.6,-8.7,-6.9,-10,-8.6,-7.4,-9.4,-6.9,-8.2,-8.8,-8.5,-7.4,-8.1,-5.6,-7.5,-8,-8.1,-8.4,-7.6,-6.5,-5.9,-7.2,-6.5,-8.9,-6.6,-7.4,-7.4,-7.9,-6.7,-9.6,-5.5,-6.3,-7.6,-7,-7.3,-6.5,-5.2,-6.5,-5.7,-4.9,-7,-5,-6.9,-6.6,-5.6,-5.4,-5.1,-5.3,-5.2,-5.2,-4.8,-4.7,-5.3,-4.5,-4.4,-5.1,-3.4
CDC20,-10.5,-10,-9.6,-8.7,-9.7,-9.5,-9.7,-9.7,-9.9,-8.8,-8.7,-9.1,-8.6,-8.2,-8.5,-8.2,-8.8,-8,-9,-9.7,-8.1,-9.4,-8.9,-9,-7.2,-7.7,-9.2,-9.1,-8.8,-9.1,-8.3,-8.4,-8.5,-7.1,-7.4,-9.8,-8.9,-9.6,-7.5,-9.3,-8.3,-9.4,-8.5,-8,-8.7,-9.2,-7.8,-8.3,-7.9,-8.1,-8.1,-7.7,-9,-9.4,-8.1,-9.1,-8.3,-8.3,-9,-9.4,-7.4,-8.1,-8.7,-8.5,-9.5,-7.2,-8.4,-7.3,-7.5,-7.7,-6.7,-9.5,-9.8,-8.3,-7.7,-7.6,-7.6,-8.6,-6.7,-7.3,-9.1,-7.8,-6.6,-6.9,-8.1,-8.5,-10.9,-7.1,-7.3,-6.4,-6.3,-6.8,-6.9,-7.4,-7.3,-5.8,-7.6,-8,-6.9,-6.4,-7.2,-7.2,-5.6,-6.9,-7.2,-6.2,-6.6,-7.3,-6.7,-6.4,-5.7,-7.8,-6.6,-6.9,-6.5,-5.9,-9.4,-5.8,-4.7,-6.3,-6.4,-4.6,-5.9,-7,-5.8,-6.7,-6.3,-5.4,-4.8,-5.1,-4.5,-4.8,-5.2,-4.9,-4.9,-4.2,-4.7,-4.2,-3.9
CCNB2,-9.8,-8.5,-9.2,-8.4,-8.6,-9.3,-9.6,-8.1,-8.6,-8.7,-8.7,-8.9,-8.9,-9.7,-8.5,-7.2,-8.4,-8.8,-8.3,-8.6,-7.9,-8.9,-8.6,-8.1,-7.7,-8.2,-8.4,-7.6,-8.7,-7.4,-7.8,-7.2,-8,-7.9,-8.8,-6.7,-7.5,-7.8,-8.8,-7.4,-7.7,-7.4,-7.4,-8,-8.1,-7.9,-7.7,-7.4,-8.1,-7.8,-8.2,-7.6,-6.8,-8.5,-7.5,-7,-7.1,-7.9,-7.7,-7.7,-8.3,-8.3,-7.6,-7.6,-7.6,-7.6,-7.4,-7.6,-7.5,-7.4,-8.5,-7.2,-5.3,-6.8,-7.2,-7.2,-7.3,-6.4,-8,-7.2,-7.8,-7.1,-6.4,-7.4,-7.5,-5.1,-5.8,-7.6,-6.6,-7.7,-6.5,-6.2,-6.7,-7.2,-7.1,-7.8,-6.3,-6.3,-6.2,-6.9,-6.7,-6.2,-7,-6.5,-6.2,-5.7,-6.5,-6.3,-6.4,-6.8,-6.6,-5.4,-7.5,-6.4,-5.6,-6.6,-4.4,-5.7,-7.3,-5.9,-6.2,-7.5,-6.1,-5.5,-5.5,-5.8,-5.3,-5,-5.9,-5.3,-5.6,-4.9,-4.7,-4.8,-4.8,-4.9,-4.3,-4,-3.5
CCNB1,-8.6,-8,-8.1,-8.5,-8,-8.3,-8.3,-8.1,-7.7,-8,-7.6,-7.6,-7.6,-8.7,-8.5,-7.8,-7.2,-6.8,-7.3,-7.6,-8.2,-8.1,-7.2,-7.7,-8.4,-7.4,-7.2,-7.5,-7.3,-7,-7,-7.2,-7,-7.5,-7.9,-6,-7.5,-7.7,-7.2,-7.6,-7.4,-7.2,-7.5,-7,-7.6,-7.9,-7,-6.8,-7.7,-6.6,-7,-7.1,-6.5,-6.9,-7,-6,-6.8,-8,-7.5,-7.3,-6.7,-7.8,-6.7,-7.9,-6.6,-7.3,-5.9,-7.3,-7.7,-6.4,-7.7,-6.6,-6.4,-6.7,-5.3,-6.7,-6.6,-6.3,-7.4,-7.5,-6.6,-5.9,-8.7,-6.1,-6.7,-7,-5.2,-6.6,-5.7,-7.6,-7.5,-7.7,-6.3,-6.7,-6.4,-8,-6.1,-5.8,-6.4,-5.4,-6,-7.8,-7.4,-6,-7.5,-5.8,-7.9,-5.8,-6,-5.7,-6.9,-5.1,-6,-5.8,-5.7,-5.9,-5.5,-7,-7.2,-6.4,-6.2,-6.2,-5.1,-6.4,-6,-4.9,-5.4,-6,-6,-5.5,-5.2,-5.4,-5.8,-6.2,-4.6,-4.8,-5.2,-4.3,-4.2
TP53,-7.9,-7.8,-8.1,-9.5,-8.2,-7.4,-7.6,-7.5,-7.9,-8,-7.8,-7.1,-7.9,-7.4,-8.3,-8.1,-8.4,-7.4,-7.2,-7,-6.9,-7.5,-7.1,-7.9,-7.9,-7.3,-7.1,-7,-7.8,-6.6,-7.2,-7.1,-6.1,-8.9,-7.8,-6.4,-6.9,-7,-7.5,-7.1,-7.6,-6.8,-6.7,-6.6,-7.4,-5.4,-6.9,-6.3,-7.1,-7,-7,-6.5,-6.3,-5.5,-6.4,-6.5,-6.9,-7.3,-6.8,-6.8,-6.7,-7,-6.5,-6.7,-6.2,-7.8,-6.9,-8.7,-6.9,-7.9,-8,-6.4,-5,-7.3,-7.4,-6.9,-6.7,-5.7,-7.4,-7,-6.6,-6.2,-6.3,-6.4,-6.2,-4.7,-4.7,-6.4,-6.1,-6.4,-6.2,-5.1,-6.2,-5.7,-5.5,-7.1,-6.6,-5.9,-6.2,-6.2,-5.6,-5.3,-7.1,-6.3,-5.5,-6.2,-5.1,-5.5,-5.7,-5.4,-6.3,-4.2,-5.9,-6,-5.9,-5.9,-4.5,-6,-6.6,-5.5,-5.6,-6.8,-5.3,-5.4,-5.1,-5,-5.4,-4.5,-4.4,-4.6,-4.9,-5.1,-4.4,-3.9,-4.3,-4.5,-4,-3.9,-3.1
